directorID,directorName,birthYear
537105,Doris Carson,1988
154556,Cynthia Garcia,1947
327433,Stephanie Evans,1893
834050,Donna Barker,1880
251628,Christopher Chavez,1893
107870,Raymond Vincent,1963
436729,Melissa Hernandez,1921
734395,Steve Cook,1916
848887,Cynthia Maddox,1980
600199,Mary Perez,1969
714195,David Martin,1973
980789,Tyler Delgado,1921
594535,Amy Pratt,1904
641993,John Hays,1963
171218,Patricia Wolfe,1887
784187,Nancy Schmidt,1969
243781,Lawrence Moore,1932
149800,Wendy Dorsey,1921
646756,Mary Park,1982
511777,Victoria Robinson,1911
654853,John Howell,1931
549296,Michael Smith,1919
438649,Kelsey Hall,1911
927598,Jennifer Hill,1890
880686,Michael Brooks,1890
509760,Preston Smith,1932
201119,Rhonda Brown,1943
361912,Steven Greene,1924
301852,Charles Larson,1936
590597,Holly Mata,1932
809744,Carrie Hernandez,1906
689670,Michael Duncan,1984
196639,James Clark,1927
656976,Andrea Lewis,1885
275158,Matthew Perez,1950
295898,Karen Howell,1881
652469,Dr. Bobby Ryan Jr.,1940
985822,Lauren Robertson,1888
144924,Julian Smith,1937
601208,Anthony Rodriguez,1930
737856,Donna Daniels,1942
790513,Joy Mcintosh,1958
506584,Angela Adams,1888
522964,William Smith,1960
536481,John Porter,1969
516263,David Fisher,1947
684674,Samuel Owen,1988
783484,Heather Ramirez,1958
337822,Darryl Little,1938
422981,Michael Scott,1965
418707,Eric Stanton,1942
693814,Samantha Shaw,1908
275979,Jamie Mathis,1899
411075,Megan Shaw,1880
275462,Christopher Miller,1976
689518,Misty Hunt,1901
858350,Mike Johnson,1958
405976,Sydney Knight,1918
521757,Stephen Ross DDS,1962
244839,Sandra Kent,1928
341699,Zoe Jones,1963
611570,Jessica Carrillo,1884
334170,Sara Grimes,1917
611395,Maria Parrish,1882
295979,Kelli Adams,1954
442774,Jake Ortega,1914
997133,Joseph Garner DVM,1940
187713,Ryan Kent,1955
445825,Thomas Meza,1977
268544,George Garcia,1951
716359,Elizabeth Gregory,1887
123133,Rachel Gonzalez,1950
769691,Jay Martin,1905
726926,Ronald Barnes,1977
432674,Paul Brewer,1986
244026,Stephanie Shields,1923
259437,Abigail Ryan,1926
713433,Traci Bailey,1975
108243,Courtney Vang,1979
589008,Nicholas Brooks,1918
784231,Grant Dunn,1971
226824,Jason Wallace,1929
439600,Mark Roberts,1976
318405,Timothy Williams,1901
986745,Sharon Carter,1985
960922,Mario Hicks,1978
610712,Leroy Robinson,1963
319540,Keith Miranda,1977
616489,Jennifer Willis,1895
528119,Jason Walker,1903
932090,Andre Lawson,1922
415264,Mrs. Jamie Graham,1908
739605,Amanda Barton,1899
773628,Mr. Nathan Parsons,1895
514033,Christopher Weaver,1967
231768,Karen Morales,1904
535146,Mary Irwin,1893
564637,Garrett Scott,1974
683437,Travis Harrison,1957
314039,Stephen Potter,1955
893620,Cynthia Hughes,1924
530696,Julia Williams,1892
934110,Tim Larson,1978
866830,Jennifer Brown,1891
615004,Alexander Bryant,1937
960758,April Bishop,1957
867011,James Barber,1956
853209,Mario Mckenzie,1948
873337,Michael Smith,1941
441557,Tyler Raymond,1988
433206,Leslie Hale,1984
633183,Vanessa Martin,1919
218045,Aaron Jacobs,1936
982824,Anthony Larson,1888
634482,Christopher Craig,1903
297094,Andrea Rodriguez,1927
961579,Douglas Lopez,1910
608398,Robert Henderson,1942
617703,Benjamin Ruiz,1898
755867,Katherine Thomas,1918
117951,Michelle Schmidt,1886
366363,Paige Castaneda,1984
777229,Wesley Shaffer,1897
763775,Steven Wright,1973
496388,Debbie Olson,1885
146825,Danielle Stewart,1895
477028,Mackenzie Watkins,1884
252698,Juan Clark,1892
464236,Kristy Tran,1916
826172,Charles Stanley,1956
861544,Ashley Reyes,1954
127197,Rachel Butler,1917
324773,Sandra Cooper,1951
702097,Jamie Campbell,1958
100613,Ryan Jefferson,1897
591842,Lauren Lucas,1955
752942,Erik Thompson,1919
232683,Randall Cox,1887
715428,Douglas Trevino,1919
141020,Mr. Bruce Miller,1968
834702,Amanda Campbell,1973
108397,Karen Lindsey,1922
566445,Tami Garcia,1887
564583,Jennifer Mitchell,1880
590202,Kimberly Peterson,1900
345465,Zoe Marshall,1974
839196,Kelly Carter,1917
583410,Helen Graham,1962
635071,David Buckley,1882
424309,Jessica Burton,1921
275900,Derek Fisher,1887
483771,Terri Mitchell,1919
790915,Ethan Gates,1892
333960,Jessica Holland,1969
786221,Lisa Blackburn,1951
540943,Whitney Mckenzie,1914
323240,Amanda Hammond,1896
785815,Stacey Lara,1947
676563,Sarah Young,1961
563190,John Smith,1925
448920,Mark Murillo MD,1965
777999,April Smith,1967
608772,Bryan Jones,1898
106664,Sydney Marshall,1891
169557,Jacob Walker,1970
794094,Ronald Lopez,1981
769038,Timothy Mcdonald,1921
667273,Charles Parks,1986
974810,Ronald Summers,1908
129553,Mrs. Ann Coffey PhD,1903
289865,Timothy Murphy,1972
295794,Stacy Schwartz,1925
371464,Ruth Ryan,1968
649208,Suzanne Lewis,1902
878626,Dalton Rodriguez,1981
472792,Monica Miller,1981
403283,Michelle Taylor,1899
363691,Thomas Brown,1923
651457,David Mooney,1915
140442,Danielle Rubio,1927
768788,Christopher Riddle,1918
592118,Jesus Price,1886
120548,Julie Maxwell,1908
529963,Melanie Reyes,1938
913351,Eric Harris,1884
933207,John Hendricks,1978
610964,Tamara Morgan,1979
816797,Tyler Rodriguez,1952
523328,Steven Tyler,1962
947770,Dr. Henry Jimenez,1936
335905,Dr. Amanda Rodgers MD,1956
686938,Jessica Carey,1910
128967,Adam Lane,1904
322320,Mary Newton,1938
353391,Sharon Stephens,1942
170521,Daniel Clark,1917
654398,Michael Mendez,1947
749973,Mr. Brandon Butler,1939
763894,Bobby Vega,1890
899151,Tanner Jackson,1980
533027,Wanda Davis,1929
652335,Joshua Oneal,1971
260905,Monica Sanchez,1919
124968,Daniel Boyle,1909
374756,Bobby Atkins,1979
182124,Melissa Charles,1923
873970,Michael Young,1928
291444,Timothy Jenkins,1889
310200,Joseph Diaz,1917
780534,Christy Blair,1907
580177,John Castro,1966
363629,Dr. Gabrielle Obrien,1916
525189,Katelyn Reed,1918
313635,Jonathan Ho,1964
697572,Jamie Sanchez,1977
620155,Mrs. Misty Curry,1945
211736,Margaret Manning,1929
368793,Andrea Sanchez,1887
362317,Henry Collins,1940
676173,Valerie Lambert,1963
814954,Dan Wiggins,1962
797037,Dylan Hines,1896
103432,Shannon Cunningham,1981
959139,Chris Weaver,1986
668224,Ashley Wilson,1951
783327,Colleen Barr,1938
882864,Trevor Mason,1979
131103,Brittany Sullivan,1948
609435,Brandy Dennis,1908
615404,Elizabeth Taylor,1990
827694,Joseph Lee,1983
855195,Richard Watson,1943
648667,William Gibbs,1951
914301,Samuel Olson,1942
824022,Daniel Webb,1939
443089,Taylor Myers,1909
134824,Hayley Mcbride,1966
758832,Matthew Chung,1932
443965,Brittany Cooper,1897
772242,Scott Olsen,1966
905612,Douglas Dorsey,1890
869578,Martha Cox,1959
622979,Ralph Levine,1958
921374,Danielle Boyd,1926
698163,Denise Cantrell,1965
399967,Joshua Johnson,1912
935572,William Hall,1900
866084,Cassandra Johnson,1932
265577,Lynn Garrett,1958
932343,Michael Bass,1945
108622,James Howard,1951
445226,Sherri Gutierrez,1906
130278,Tyler Griffin,1951
764421,Monica Stone,1915
498227,Heidi Torres,1888
947033,Erik Waters,1937
354076,Angela Sparks,1935
983819,Ellen Ramos,1932
442267,Mary Estes,1957
491716,Amanda Smith,1913
533233,Michael Warren,1923
743373,Melissa Cordova,1927
425144,Dr. Cynthia Guzman,1881
902942,Timothy Lopez,1972
363156,Kendra Smith,1929
592111,Phillip Wilson,1963
583782,Ana Murphy,1895
199604,Courtney Williams,1951
586879,Kenneth Mcintyre,1953
745580,James Bailey,1964
962012,Julie Martinez,1893
641531,Anthony Mcintosh,1920
487097,Anita Fritz,1966
242628,Lawrence Graham,1966
282469,Kiara Alexander,1973
283473,Grace Lee,1946
287857,Andres Marsh,1939
945767,Cynthia Garcia,1977
806846,Amanda Mclaughlin,1987
523200,Bobby Jones,1941
647012,Terri Russell,1938
614839,Miguel Erickson,1988
337542,Allen Smith,1902
378514,Zachary Carpenter,1890
436064,Taylor Acosta,1950
365255,Charlene Berry,1917
299008,Kaitlyn Anderson,1894
391338,Jeffery Lynch,1897
259854,Brandy Green,1918
348829,Cynthia Rangel,1984
686536,Amanda Gregory,1889
795252,Nicole Kline,1957
707031,Amanda Rush,1885
349483,Aaron Tucker,1966
705703,Stephanie Warner,1939
803156,Scott Coleman,1957
567887,David Henderson,1970
719157,Raymond Rodriguez,1881
621067,Joseph Mills,1916
461931,Lisa Baker,1896
284497,Amanda Richards,1947
262904,Christopher Diaz,1914
876019,Sarah Baldwin,1934
806284,Richard Bryant,1948
869159,Desiree Salinas,1937
674936,Robert Duncan,1917
894482,Daniel Crawford,1898
864973,Michael Phillips,1978
171100,Joshua Moreno,1931
460122,Kristin Guzman,1966
217180,Jessica Hicks,1883
132583,Angela Watson,1940
121472,Bethany Lee,1887
356285,Jody Jacobson,1970
254663,Matthew Fields,1950
589101,Jasmine Mooney,1990
757573,Tina Wright,1919
834586,Jeanette Crawford,1973
628258,Miranda Ware,1939
531480,William Mclaughlin,1882
575465,Tiffany Lopez,1972
465308,James Wallace,1975
511358,Bailey Choi PhD,1918
872651,Nicole Reed,1924
755456,April Wade,1946
986301,Emily King,1944
595654,Jessica Gibbs,1906
471682,Sarah Perez,1895
145897,Ryan Hunter Jr.,1908
363055,Jeffrey Pitts PhD,1949
467239,Dorothy Johns,1928
569992,Shannon Randall,1938
642990,John Duffy,1975
555431,Michael Walker,1918
358590,Latoya Jackson DVM,1945
771454,Rachel Garcia,1911
944548,Keith Potter,1922
355445,Sara Jensen,1893
926438,Krista Campbell,1979
292511,Kevin Hanson,1885
997224,Walter Vaughn,1925
578590,Danielle Henderson,1981
841586,Adrian Cochran,1892
433586,Danny Guerrero,1917
379520,Peter Curtis,1914
722988,Rachel Rodriguez,1927
525871,Cody Rush,1882
821187,Penny Deleon,1887
587609,Richard Moses,1940
208902,Christopher Brown,1923
249394,Dawn Freeman,1889
573218,Nicholas Schmidt,1988
906023,Jason Edwards,1915
725514,Erica Murphy,1917
776556,Erin Hernandez,1898
808410,John Howard,1957
494502,Amy Anderson,1915
730551,Theresa Lopez,1952
554621,Thomas Wyatt,1913
952928,Stacey Buchanan,1894
506717,Nathan Willis,1977
637714,Tammy Calderon,1905
656723,James Roy,1889
616259,Clarence Edwards,1987
930503,Jane Hamilton,1923
256015,Kelsey Holt,1966
750811,Kelli Smith,1933
232341,Christina Thomas,1983
297832,Clayton Smith,1988
873939,Kimberly Nelson,1910
654881,Brittany Holt,1896
195273,Lindsey Thompson,1978
408970,Travis Gonzalez,1881
553297,Sharon Brooks,1915
286380,Erik Mclaughlin,1900
872058,Betty Cook,1953
378656,Kenneth Henry,1971
638782,Brittney Stanley,1967
483140,Christopher Lyons,1960
533374,Jamie Wood,1895
976723,Jon Koch,1887
272390,Christopher Pacheco,1967
331383,Bryan Payne,1906
177739,Ronald Nunez,1888
966652,Andrew Jacobs,1932
907099,Rose Cox,1961
601979,John Norman,1951
858644,Raymond Olsen,1944
140534,Robert Blevins,1907
477590,Ronald Green,1954
643679,Selena Hart,1946
919809,John Santos,1937
836468,Courtney Anthony,1917
455704,Christopher Henry,1902
868642,Nathan Shepard,1890
168288,Jared Walker,1956
206733,Mary Diaz,1943
730428,Monica Brown,1966
258973,Joseph Watson,1901
680394,Beth Davis,1980
771638,Veronica Mills,1924
650418,Brandon Hall,1972
308736,Maurice Lambert,1968
725834,Amy Cruz,1919
252440,Michelle Ashley,1902
179675,Christina Garcia,1963
105260,Mrs. Sarah Wilson,1953
593613,Elizabeth Lopez,1936
523001,Kelsey Olsen,1884
147346,Ricky Briggs,1939
929118,Shane Medina,1897
475431,Randy Dorsey,1901
861242,Tiffany Fleming,1972
566493,Gail Johnson,1963
198405,Tanya Kennedy,1923
347031,Anne Hutchinson,1959
628130,Andrew Williams,1954
929743,Shawn Bridges,1929
782262,Robin Willis,1940
554600,Melissa Lara,1924
138567,Robert Perkins,1962
329291,Janet Rodriguez,1959
533302,Nicholas Cox,1934
436626,Nathan Torres,1909
429681,Nicholas Dunn,1983
342740,David Randall,1893
146668,Brandy Lambert,1969
953557,Christopher Armstrong,1990
476373,Matthew Davis,1940
662377,Austin Gordon,1934
333714,Andrew Walker,1963
146694,Tyler Holt,1917
446914,Kimberly Tapia,1923
754730,Martha Shaw,1941
518973,Brittany Coleman,1950
663799,Charles Jackson,1927
180990,Carrie Walker,1990
344737,Marvin Bell,1898
105905,Candice Phillips,1973
495996,Dr. Michael Allen,1891
861895,John Craig,1972
379661,Richard Matthews,1912
593935,Francisco Bennett,1896
545613,Monica Turner,1945
766794,Christopher Thomas,1972
508944,Michael Whitehead,1978
335706,Christopher Singh,1957
343036,Amanda Schneider,1914
242605,Brandon Hansen,1935
133352,Lindsey Cook,1913
834766,Matthew Glover,1931
299702,Angela Ramirez,1895
930373,Ann Richardson,1929
551915,Scott Harvey,1942
224899,Michael Gross,1962
385635,Lynn Arias,1918
876644,Eric Rogers,1979
427103,Mark Wu,1984
931087,Emily Smith,1936
823520,Keith Mullins,1942
531234,Ashley Harvey,1957
910838,William Hill,1962
192841,Troy Garza,1967
432777,Kelly Fuller,1960
457333,Tamara King,1885
976475,Jamie Roberts,1882
368323,Chloe Lewis,1889
980727,Lisa Phillips,1911
301554,Victor Zavala,1973
319512,Sarah Black,1950
268133,Steven Parker,1957
244218,Melanie Alexander,1922
666185,Brittany Wright,1941
263660,Jamie Logan,1912
693379,Christine Mclean,1973
899510,Anthony Walker,1935
438536,Thomas Simpson,1968
327258,Kevin Cole,1914
227438,Carlos Morgan,1889
440628,Casey James,1920
940002,Stephen Byrd,1948
599585,Christopher Stewart,1905
463105,Christina Pitts,1899
448852,Kyle Valencia,1933
687995,Timothy James,1962
496178,Mr. Jordan Duke Jr.,1884
201378,Matthew Martinez,1924
174335,Curtis Mcdaniel,1987
173685,Dr. Frank Ramirez,1889
645341,Amanda Norton,1954
457930,Emily Buchanan,1894
127852,Katherine Acosta,1940
879078,Daniel James,1903
510539,Kenneth Sawyer,1935
184600,Peter James,1961
284730,Joanne White,1943
206064,Martha Martin,1961
605370,Madison Johnson,1947
349125,Heather Pham,1950
678812,Yvonne Larson,1894
147262,Nancy Hubbard,1983
764338,Tamara Howard,1924
106787,Michael Lewis,1933
665745,Kara Boyd,1936
191570,Kevin Smith,1906
179091,Leslie Anderson,1973
305290,Danielle Robinson,1986
827870,Cheryl Cruz,1909
929175,Caitlin Hernandez,1881
799968,Kara Davis,1907
452093,David Daniel,1918
246189,Michael Young,1970
436728,Jared Baird,1975
864789,Alexis Meyers,1924
530046,Diane Lynch,1942
191733,Teresa Baldwin,1929
202621,Peter Jackson,1890
567638,Jason Myers,1882
948043,David Schneider,1905
734894,Garrett Hanson,1890
661877,Robert Rodgers,1989
344968,Anthony Sutton,1930
293310,Pamela Adams,1936
938300,Peggy Mercer,1974
338469,Frank Torres,1960
179118,Andrea Jones,1923
804077,Tracy Wells,1906
926484,Mary Scott,1952
505720,Kelsey Simmons,1905
603859,Willie Winters,1945
888022,Ryan Smith,1953
661616,Ryan Lang,1882
754230,Christine Woodward,1886
357371,Michael Joseph,1986
214379,Melissa Andrade PhD,1983
555114,Gregory Wade,1881
488082,William Gay,1946
308827,Cody Wright,1947
289957,Ronald English,1899
543842,Katherine Contreras,1922
551193,Jessica Keller,1914
181771,Sarah Vasquez,1911
677320,Caroline Johnson,1912
637700,Rachel Romero,1896
856662,Terry Fuller,1894
168924,Barbara Allen,1915
673929,Laura Elliott,1948
890252,Christina Bass,1983
554261,Nicole Allen,1905
424976,Jason Brown,1913
558235,Steven Melton,1881
466088,Mary Scott,1957
168184,Robert Bryant,1946
398410,Tracy Burgess,1923
248367,Lauren Thomas,1949
688749,Steve Galloway,1952
754404,Raymond Howell,1915
337518,Jennifer Phelps,1983
606789,Michael Hunt,1962
282588,Betty Tapia,1976
493332,Roger Benson,1882
127477,Joseph Morgan,1909
707853,Ms. Kayla Powell,1901
943313,Brenda Galloway,1915
894052,Caroline Ward,1958
249154,Joshua Medina,1911
591556,Ms. Anna Carter,1953
148706,Jerry Morris,1940
332385,Amanda Jackson,1925
123452,Robert Steele,1938
197290,Daniel Fuller,1890
253229,Kathy Miller,1952
659869,Jay Castro,1891
314257,Robert Little,1917
349598,Allison Decker,1920
680600,Debbie Jennings,1903
618526,Mark Hughes,1988
273147,Thomas Young,1980
512226,Daniel Williams,1904
387376,Charles Cole,1883
554065,Jason Wells,1978
946312,Thomas Dudley,1891
682511,Natalie Payne,1932
282712,Catherine Garcia,1953
829585,Paul Foley,1978
272958,Kelly Barrett,1923
514411,Brandon Baker,1942
831598,Brent Montes,1909
210043,Dana Stewart,1960
151511,Veronica Mcguire,1933
504375,Rachel Davis,1964
630157,Michael Martinez,1943
483658,Rebecca Miller,1989
650770,Kayla Melton,1940
966957,Rebecca Williams,1884
476842,Erika Reed,1989
577878,Michael Hester,1954
675082,Shelly Ford,1946
844186,Joshua Edwards,1981
578210,Dale Jones,1937
867579,Charlotte Humphrey,1915
786185,Robert James,1930
499413,Robert Jimenez,1920
934095,Jamie Henderson,1951
455717,Michael Brewer,1950
802629,Katrina Ford,1890
903134,Terry Brown,1927
827743,Tracy Gonzales,1942
584914,Andrew Wade DDS,1883
760968,Ana Blankenship,1916
111085,Kathleen Lopez,1959
135505,Henry George,1986
354844,Marisa Bishop,1919
508981,Javier Barker,1907
390165,Gina Davis,1916
228116,Zachary Brooks,1940
216341,Daniel Santos,1974
719287,Amanda Wagner,1958
444091,Katelyn Gibson,1949
152573,Aaron Roberson,1985
363114,Ronald Anderson,1939
800396,Michelle Jefferson,1940
817044,Tyler Arnold,1937
949366,Eric Bean,1976
365011,Jeffrey Sanchez,1980
582899,Jessica Reyes,1966
175358,Christian Obrien,1915
986580,Holly Stephens,1963
584608,Rachel Chavez,1916
483056,Steven Scott,1922
391623,Kevin Nielsen,1982
362543,Christopher Walker,1889
620237,Lisa Watkins,1894
527894,Nicolas Meadows,1939
626249,Angela Watkins,1984
979218,Deborah Scott,1888
824538,Kyle Snyder,1937
469826,Patricia Romero,1981
809594,Timothy Patel,1972
519679,Heather Keller,1979
951561,Shannon Rogers,1936
942669,Caitlyn Tyler,1990
897765,Amanda Fisher,1903
162325,Jordan Jones,1918
525466,Jeffery Mccormick,1902
792898,Richard Dean,1883
325013,Trevor Greer,1977
919968,Penny Burke,1958
517098,Melissa Ramirez,1942
350982,Bradley Landry,1881
128468,Angela Hill DDS,1943
550416,Amanda Alvarez,1989
125852,Yolanda Johnston,1931
539445,Jennifer House,1961
895870,Jennifer Hutchinson,1930
419314,Michael Mcclain,1889
919887,Heather Henry,1934
809799,Katie Garcia,1908
406943,Paul Murray,1904
902518,Brittany Alvarado,1928
181794,Jared Powers,1934
202951,Courtney Owen,1937
589884,Rebecca Mclaughlin,1951
116794,Joann Kelley,1957
957453,Matthew Stewart,1890
683962,Kenneth Bradley,1939
627069,Melinda Crosby,1939
737097,Miss Jacqueline Baldwin,1939
327974,Warren Brown,1893
904581,Christine Collins,1955
776190,Rachel Watson,1893
560807,David Herrera,1895
704248,Anthony Johnson,1972
235599,Jorge Livingston,1948
914834,Christopher Stevens,1907
687073,Cassidy Fernandez,1914
372258,Joseph Brady,1949
962300,Kathleen Jones,1945
250859,Kimberly Suarez,1885
276768,Samuel Hardy,1973
758448,Paula Ellis,1930
693687,Erica Anderson,1968
999361,Christy Gray,1918
140509,Samuel Henry,1917
177230,Eric Lee,1920
367759,Matthew Mcdaniel,1912
409759,Sarah Alvarado,1887
135194,Lynn Lopez,1958
870856,Denise Romero,1908
745049,Erin Love,1915
778931,Lawrence Foster,1918
880378,Troy Franklin,1927
834299,Jennifer Hodges,1887
667943,Janice Long,1931
499961,Brandon Williams,1899
551249,Dennis Miller,1977
787959,William Ryan,1920
648335,Justin Richardson,1913
145249,James Miller,1894
188819,Tracey Dixon,1959
175198,Joseph Johnson,1948
555879,Meghan Gallegos,1929
808504,Crystal Thompson,1913
241220,Kelly Rodriguez,1898
830906,Alexander Noble DDS,1881
206981,Olivia Sullivan,1953
340619,Linda Douglas,1885
953885,Dominique Smith,1946
823349,Allen Roberts,1976
680324,Emily Edwards,1884
204894,Lori Armstrong,1962
602518,Crystal Schroeder,1887
890312,Andrea Holmes,1921
457007,Jason Park,1908
530516,Anthony Henry,1980
463341,Mr. William Ross,1904
287000,Alexander Manning,1911
220007,Heidi Hall,1970
653665,Samuel Weber,1938
245031,Laura Lewis,1924
300280,Edward Johnson,1903
809721,Michelle Thomas,1980
680460,Brittany Hoffman,1982
912201,Joshua Diaz,1918
407338,Jason Martinez,1934
389527,Ariel Santos,1883
537318,Corey Clark,1990
975383,Martin Brown,1910
676544,Kim Brown,1919
973028,Sandra Reed,1977
210772,Tammy Johnson,1966
747122,Brandon Herrera,1944
784220,Kevin Lewis,1933
247305,Jessica Washington,1962
246617,Brianna Young,1953
293468,Sandra Pearson,1946
678911,Larry Fisher,1933
143845,Pamela Jones,1883
626264,Taylor Munoz,1907
244756,Austin Martin,1909
218059,Mark Johnson,1948
321128,Kevin Lopez,1932
191919,Matthew Lane,1885
837711,Brian Hernandez,1897
640642,Ashley Moore,1901
610324,Dawn Dickson,1942
645478,Margaret Porter,1968
993708,Charlene Harmon,1952
629454,Eileen Thomas,1974
132505,Jodi Young,1956
296568,Natalie Harding,1957
528650,Mary Black,1947
418811,Gina Carter,1900
387072,Pam Howard,1919
396386,Daniel Hamilton,1981
797689,Andrea Clark,1964
663331,Troy Hill,1905
225647,Kristine Clark,1974
300512,Charles Livingston,1952
154220,Andre Moore,1932
827628,Steven Murphy,1969
860215,Jim Stewart,1939
722867,Lynn Mcguire,1929
857838,Darlene Allen,1928
414114,Richard Davis,1948
448973,Shannon Hoffman,1919
843137,Samuel Gomez,1980
285436,Heather Brown,1897
551443,Travis Wagner,1987
816747,Nicole Mendez,1899
141677,Crystal Oconnor,1977
326519,Elizabeth George,1897
375125,Dustin Collins,1934
311710,Peter Walter,1967
367857,Stephanie Martinez,1950
331565,Brandon Richmond,1940
121271,Michael Jimenez,1885
650855,Tracy Smith,1912
693129,Chelsea Gonzalez,1958
382797,Tommy Sexton,1975
512348,Lori Sutton,1978
874240,Jennifer Coleman,1897
591327,Jamie Perez,1973
852324,James Johnson,1904
217917,Bethany Smith,1941
842079,Darlene Mendez,1953
815323,Dana Holmes,1916
901860,Dylan Thomas,1954
799254,Brooke Estrada,1922
863018,Paul Howell,1888
292935,Russell Martin,1949
484843,Matthew Melendez,1986
760098,Susan Brown,1964
873645,Jennifer Andrews,1904
298267,Joanna Hill,1977
523410,Mrs. Rebecca Brown,1899
166346,Miguel Jones,1914
320192,Sabrina Harris,1943
240897,Mr. Johnny Butler Jr.,1962
370956,Christina Bryant,1923
758420,Cody Perry,1958
417740,Krista Johnston,1886
449931,Martin Cohen,1967
558590,Olivia Thomas,1888
853664,Elizabeth Lee,1903
753432,Anthony Monroe,1982
847298,Kari Carter,1930
718693,Keith Wilson,1963
503158,Elizabeth Mcconnell,1915
926722,Christy Garcia,1890
190736,Trevor Larsen,1918
794833,Jesse House,1937
163882,Steven Bryant,1908
405155,Misty Morgan,1904
423558,David King,1920
815442,Cynthia Estes,1979
180505,Rachael King,1953
138445,Richard Perry,1962
853584,John Duncan,1922
353911,Steven Campbell,1943
983037,Michael Graves,1968
721208,Dominic Scott,1898
178660,Dr. Tyler Roberson,1986
412100,Joseph Haley,1961
700037,Nicholas Howell,1910
561186,Diana Cummings,1965
783175,Margaret Pruitt,1975
450741,Dawn Reed,1971
357044,Carol Lewis,1958
925446,Dawn Clark,1989
580822,Carmen Lopez,1958
945214,Emily Lee,1913
525384,Tommy Barker,1921
863745,Dale Weaver,1938
950863,Tommy Johnson,1956
109676,Marissa Ford,1916
487335,Donna Cruz,1967
827561,David Johnson,1985
443046,John Powell,1969
890646,Jeffery Huff,1987
412900,Tabitha Mcdaniel,1940
756279,Linda Christensen,1962
192131,Michael Thomas,1886
922618,Jamie Bell,1978
859600,Jennifer Spencer MD,1933
404311,Sarah Thompson,1904
485059,Rebecca Haynes,1965
286274,Jill Lopez,1901
205956,Andrew Jackson,1919
451749,Phillip Goodman,1982
806715,Elizabeth Parks,1901
903284,Andrew Rose,1978
918037,Alyssa Haney,1916
883393,Christopher Smith,1892
642647,Don Mendoza,1959
282768,William Freeman,1888
199535,Anthony Perez,1942
544398,Eric Wagner,1886
334335,Megan Norton,1945
815328,Mary Burgess,1914
865707,Calvin Jenkins,1934
593119,Jerry Ibarra,1945
323855,Marcus Calderon,1911
242566,Christian Oliver,1960
853680,Stacy Valencia,1903
407404,Holly Reid,1936
972117,Mary Leonard,1894
295591,Brandon Graham,1927
602149,Holly Day,1928
946428,Janet Johnson,1923
423613,Michael Fuentes,1900
427019,Katrina Hall,1912
246905,Brittany Tucker,1965
787188,Ralph Jones,1920
185590,Alexis Chapman,1941
397310,Robert Willis,1892
258643,Samantha Thomas,1907
319487,Stephanie Walker,1934
683843,Scott Mendez,1969
670205,Justin Reyes Jr.,1983
285338,Jacqueline Becker,1912
972789,Jennifer Morrison,1924
115824,Brian Ashley,1965
679401,Steven Lee,1901
583137,Andrea Nelson,1938
856447,Brian Bowers,1954
974822,Patrick Lucero,1984
658893,Desiree Meza,1882
838713,Larry Stanley,1931
934546,Christopher Swanson,1927
715710,Sherry Nolan,1899
921606,Tonya Wagner,1944
472346,Kendra Horne,1952
614833,Andrew Gardner,1946
573445,Suzanne Chase,1912
602922,Mandy Johnson,1982
644338,Michelle Brooks,1903
397668,Ryan Walls,1939
887950,Kristina Barnes,1982
494995,Karen Kirby,1908
762530,Kristin Jimenez,1947
743802,Beth Jackson,1892
427592,Tracey Yates,1958
433165,Mr. John Lucero,1880
560341,Randy Mann,1972
698157,Donna Allen PhD,1943
611091,Brendan Flores,1891
949380,Deborah Holloway,1894
164467,Lisa Cardenas,1908
291010,Christopher Melton,1931
671284,Michelle Brown,1977
324805,Donna Downs,1894
239466,Natalie Russell,1980
585368,Thomas Castillo,1941
939831,Lisa Barnes,1918
885152,Rachel Webb,1979
850280,James Morales,1989
311582,Sharon Delgado,1915
992512,Brett Campbell MD,1976
777156,Grace Santiago DDS,1919
782395,Calvin Roth,1930
889614,Joshua Schmidt,1936
611051,Sarah Contreras,1933
464691,Cameron Bender,1880
486243,Lisa Stewart,1955
758153,Savannah Klein,1881
309313,John Eaton,1968
744871,Peter Hines DVM,1928
447117,Daniel Hensley,1981
328241,Justin Smith,1987
815704,Kristina Garcia,1976
881736,Jason Moss,1900
103280,David Patterson,1880
144385,William Hogan,1919
696129,Jennifer Thomas,1899
802206,Jimmy Smith,1898
864730,Mark Ruiz,1941
590025,Suzanne Hill,1902
674155,Sylvia Weaver,1956
956284,Valerie Johnson,1970
749099,Heather Perry,1956
668695,George Sanchez,1916
922418,Donald Long,1930
570508,Eddie Stephenson,1990
809025,Brian Cunningham,1990
869288,Whitney Gregory,1950
492189,Daniel Pratt,1899
651999,Joseph Green,1936
460589,Ryan Small,1932
293692,Gordon Ray,1968
170653,Anna Lewis,1883
938937,Nathan Booth,1934
664908,Joseph Cochran,1882
158504,Kevin Callahan,1983
377341,Amber Stephenson,1946
797870,Linda Parker,1966
820386,Gary Newman,1915
861922,Gabriel Russell,1912
573923,Tiffany Morrison,1921
460667,Jose Riley,1889
569141,David Mccall,1974
850930,David Black,1913
234846,Jason Weiss,1961
883531,Emily Washington,1923
346912,Kelli Stevenson,1955
817990,Sharon Torres,1924
106850,Walter Heath,1929
185192,Steven Mosley,1902
827416,Amanda Williamson,1977
904753,Nichole Warren,1913
823249,Alfred Knight,1982
875247,Brian Wang,1922
564557,Christopher Cole,1917
837414,John Pacheco,1980
549044,Shawn Mitchell,1939
146940,Douglas Hansen,1951
610477,Robert Williams,1950
117926,Ronald Dorsey,1921
886206,Haley Hawkins,1936
206403,Victoria Mercado,1973
264112,Maurice Bowen,1933
452989,Tammy Hardy,1975
479378,Cristian Fernandez,1965
724395,Jesse Ferguson,1946
465130,Danielle Sanders,1939
926557,Emily Martin,1930
750906,Michael Martin,1942
967369,Jacob Robinson,1978
731389,Regina Mccoy,1982
717180,Joshua Colon,1908
912978,Kathy Johnson,1933
782859,Michael Rice,1920
653324,Matthew Johnson,1963
883889,Edward Thompson,1914
659999,James Brooks,1948
760641,William Hernandez,1914
849576,Michelle Gomez,1881
723537,Casey Peterson,1884
345219,Kevin Winters,1990
232473,Michael Bell,1913
